Name,Content,Image,Price,Category
New Avanza,Dapatkan harga sewa mobil New Avanza Semarang disini. Rental mobil Semarang terbaik,Rental-Persewaan-Mobil-Avanza-New-Semarang.jpg,400000,Rental Mobil Semarang
Avanza CVT,Dapatkan harga sewa mobil Avanza CVT Semarang disini. Rental mobil Semarang terbaik,Rental-Persewaan-Mobil-Avanza-CVT-Semarang.jpg,450000,Rental Mobil Semarang
Xenia New,Dapatkan harga sewa mobil Xenia New Semarang disini. Rental mobil Semarang terbaik,Rental-Persewaan-Mobil-Xenia-New-Semarang.jpg,450000,Rental Mobil Semarang
Innova Reborn,Dapatkan harga sewa mobil Innova Reborn Semarang disini. Rental mobil Semarang terbaik,Rental-Persewaan-Mobil-Innova-Reborn-Semarang.jpg,650000,Rental Mobil Semarang
Hiace Premio 12 seat,Dapatkan harga sewa Hiace Premio 12 seat Semarang disini. Rental mobil Semarang terbaik,Rental-Persewaan-Hiace-Premio-12-seat-Semarang.jpg,1500000,Rental Mobil Semarang
Hiace Commuter 15 seat,Dapatkan harga sewa mobil Hiace Commuter 15 seat Semarang disini. Rental mobil Semarang terbaik,Rental-Persewaan-Hiace-Commuter-15-seat-Semarang.jpg,1200000,Rental Mobil Semarang
Honda Brio,Dapatkan harga sewa mobil Honda Brio Semarang disini. Rental mobil Semarang terbaik,Rental-Persewaan-Honda-Brio-Semarang.jpg,425000,Rental Mobil Semarang
Honda Jazz,Dapatkan harga sewa mobil Honda Jazz Semarang disini. Rental mobil Semarang terbaik,Rental-Persewaan-Mobil-Honda-Jazz-Semarang.jpg,450000,Rental Mobil Semarang
Expander,Dapatkan harga sewa mobil Expander Semarang disini. Rental mobil Semarang terbaik,Rental-Persewaan-Mobil-Xpander-Semarang.jpg,500000,Rental Mobil Semarang
