ID,Name,Content,Image,Price,Category
3603,New Avanza,Dapatkan harga sewa mobil New Avanza Semarang disini. Rental mobil Semarang terbaik,Rental-Persewaan-Mobil-Avanza-New-Semarang.jpg,400000,Rental Mobil Semarang
3604,Avanza CVT,Dapatkan harga sewa mobil Avanza CVT Semarang disini. Rental mobil Semarang terbaik,Rental-Persewaan-Mobil-Avanza-CVT-Semarang.jpg,450000,Rental Mobil Semarang
3605,Xenia New,Dapatkan harga sewa mobil Xenia New Semarang disini. Rental mobil Semarang terbaik,Rental-Persewaan-Mobil-Xenia-New-Semarang.jpg,450000,Rental Mobil Semarang
3606,Innova Reborn,Dapatkan harga sewa mobil Innova Reborn Semarang disini. Rental mobil Semarang terbaik,Rental-Persewaan-Mobil-Innova-Reborn-Semarang.jpg,650000,Rental Mobil Semarang
3607,Hiace Premio 14 seat,Dapatkan harga sewa Hiace Premio 12 seat Semarang disini. Rental mobil Semarang terbaik,Rental-Persewaan-Hiace-Premio-12-seat-Semarang.jpg,1500000,Rental Mobil Semarang
3608,Hiace Commuter 15 seat,Dapatkan harga sewa mobil Hiace Commuter 15 seat Semarang disini. Rental mobil Semarang terbaik,Rental-Persewaan-Hiace-Commuter-15-seat-Semarang.jpg,1200000,Rental Mobil Semarang
3609,Honda Brio,Dapatkan harga sewa mobil Honda Brio Semarang disini. Rental mobil Semarang terbaik,Rental-Persewaan-Honda-Brio-Semarang.jpg,425000,Rental Mobil Semarang
3610,Honda Jazz,Dapatkan harga sewa mobil Honda Jazz Semarang disini. Rental mobil Semarang terbaik,Rental-Persewaan-Mobil-Honda-Jazz-Semarang.jpg,450000,Rental Mobil Semarang
3611,Expander,Dapatkan harga sewa mobil Expander Semarang disini. Rental mobil Semarang terbaik,Rental-Persewaan-Mobil-Xpander-Semarang.jpg,500000,Rental Mobil Semarang
,Fortuner,Dapatkan harga sewa mobil Fortuner Semarang disini. Rental mobil Semarang terbaik,Rental-Persewaan-Fortuner-Semarang.jpg,1350000,Rental Mobil Semarang
